-- MariaDB dump 10.19  Distrib 10.4.32-MariaDB, for Win64 (AMD64)
--
-- Host: localhost    Database: gestione_ore
-- ------------------------------------------------------
-- Server version	10.4.32-MariaDB

/*!40101 SET @OLD_CHARACTER_SET_CLIENT=@@CHARACTER_SET_CLIENT */;
/*!40101 SET @OLD_CHARACTER_SET_RESULTS=@@CHARACTER_SET_RESULTS */;
/*!40101 SET @OLD_COLLATION_CONNECTION=@@COLLATION_CONNECTION */;
/*!40101 SET NAMES utf8mb4 */;
/*!40103 SET @OLD_TIME_ZONE=@@TIME_ZONE */;
/*!40103 SET TIME_ZONE='+00:00' */;
/*!40014 SET @OLD_UNIQUE_CHECKS=@@UNIQUE_CHECKS, UNIQUE_CHECKS=0 */;
/*!40014 SET @OLD_FOREIGN_KEY_CHECKS=@@FOREIGN_KEY_CHECKS, FOREIGN_KEY_CHECKS=0 */;
/*!40101 SET @OLD_SQL_MODE=@@SQL_MODE, SQL_MODE='NO_AUTO_VALUE_ON_ZERO' */;
/*!40111 SET @OLD_SQL_NOTES=@@SQL_NOTES, SQL_NOTES=0 */;

--
-- Table structure for table `calcolo_ore`
--

DROP TABLE IF EXISTS `calcolo_ore`;
/*!40101 SET @saved_cs_client     = @@character_set_client */;
/*!40101 SET character_set_client = utf8 */;
CREATE TABLE `calcolo_ore` (
  `id` int(11) NOT NULL AUTO_INCREMENT,
  `turno_id` int(11) NOT NULL,
  `employee_id` int(11) NOT NULL,
  `cognome` varchar(100) NOT NULL,
  `nome` varchar(100) NOT NULL,
  `qualifica` varchar(100) DEFAULT NULL,
  `entry_date` date NOT NULL,
  `entry_time` time NOT NULL,
  `exit_date` date NOT NULL,
  `exit_time` time NOT NULL,
  `feriali_diurne` decimal(10,2) DEFAULT 0.00,
  `feriali_notturne` decimal(10,2) DEFAULT 0.00,
  `festive_diurne` decimal(10,2) DEFAULT 0.00,
  `festive_notturne` decimal(10,2) DEFAULT 0.00,
  `totale_ore` decimal(10,2) DEFAULT 0.00,
  `created_at` timestamp NOT NULL DEFAULT current_timestamp(),
  `updated_at` timestamp NOT NULL DEFAULT current_timestamp() ON UPDATE current_timestamp(),
  `sede` varchar(100) DEFAULT NULL,
  PRIMARY KEY (`id`),
  UNIQUE KEY `turno_id` (`turno_id`),
  KEY `employee_id` (`employee_id`),
  KEY `entry_date` (`entry_date`),
  CONSTRAINT `calcolo_ore_ibfk_1` FOREIGN KEY (`turno_id`) REFERENCES `turni` (`id`) ON DELETE CASCADE,
  CONSTRAINT `calcolo_ore_ibfk_2` FOREIGN KEY (`employee_id`) REFERENCES `dipendenti` (`id`) ON DELETE CASCADE
) ENGINE=InnoDB AUTO_INCREMENT=121 DEFAULT CHARSET=utf8mb4 COLLATE=utf8mb4_general_ci;
/*!40101 SET character_set_client = @saved_cs_client */;

--
-- Dumping data for table `calcolo_ore`
--

LOCK TABLES `calcolo_ore` WRITE;
/*!40000 ALTER TABLE `calcolo_ore` DISABLE KEYS */;
INSERT INTO `calcolo_ore` VALUES (54,54,17,'BALDARI','SALVATORE','VE','2025-05-12','08:00:00','2025-05-12','11:05:00',3.08,0.00,0.00,0.00,3.08,'2025-05-12 15:41:36','2025-05-12 15:41:36','Francavilla Fontana'),(55,55,14,'AYMONETTO','ALESSIO','VV','2025-05-12','09:00:00','2025-05-12','11:00:00',2.00,0.00,0.00,0.00,2.00,'2025-05-12 20:06:31','2025-05-12 20:06:31','Centrale'),(56,56,5,'ANELLI','SANDRO','DSLG','2025-05-12','08:00:00','2025-05-12','11:03:00',3.05,0.00,0.00,0.00,3.05,'2025-05-12 20:08:37','2025-05-12 20:08:37','Ostuni'),(57,57,37,'CALIA','ANTONIO','CQE','2025-05-12','08:00:00','2025-05-12','11:03:00',3.03,0.00,0.00,0.00,3.03,'2025-05-12 20:14:21','2025-05-12 20:14:21','Centrale'),(58,58,7,'ARGENTIERO','ANTONIO','VESC','2025-05-12','08:00:00','2025-05-12','11:03:00',3.00,0.00,0.00,0.00,3.00,'2025-05-12 20:29:52','2025-05-12 20:29:52','Ostuni'),(59,59,188,'MAGRI\'','MASSIMO','VV','2025-05-12','08:00:00','2025-05-12','11:03:00',3.00,0.00,0.00,0.00,3.00,'2025-05-12 20:30:28','2025-05-12 20:30:28','Centrale'),(60,60,13,'AVALLONE','EMILIO','VV','2025-05-12','08:00:00','2025-05-12','11:03:00',3.00,0.00,0.00,0.00,3.00,'2025-05-12 20:34:20','2025-05-12 20:34:20','Centrale'),(61,61,73,'CORVAGLIA','GIUSEPPE','NMI','2025-05-12','08:00:00','2025-05-12','11:03:00',3.05,0.00,0.00,0.00,3.05,'2025-05-12 20:41:49','2025-05-12 20:41:49','Centrale'),(65,65,8,'ARGENTIERO','VITO','CR','2025-05-12','08:00:00','2025-05-13','23:00:00',30.00,9.00,0.00,0.00,39.00,'2025-05-12 21:23:44','2025-05-12 21:23:44','Ostuni'),(68,68,1,'ALEMANNO','ENEA','VE','2025-05-12','08:00:00','2025-05-12','20:00:00',12.00,0.00,0.00,0.00,12.00,'2025-05-12 21:27:35','2025-05-12 21:27:35','Centrale'),(69,69,4,'ANDRISANI','ROCCO','VC','2025-05-12','08:00:00','2025-05-12','22:00:00',14.00,0.00,0.00,0.00,14.00,'2025-05-12 21:32:31','2025-05-12 21:32:31','Centrale'),(70,70,15,'BACCHINI','BRUNO','VV','2025-05-12','08:00:00','2025-05-12','23:00:00',14.00,1.00,0.00,0.00,15.00,'2025-05-12 21:38:16','2025-05-12 21:38:16','Centrale'),(72,74,21,'BASSO','EUPREMIO','VV','2025-05-12','08:00:00','2025-05-12','22:00:00',14.00,0.00,0.00,0.00,14.00,'2025-05-12 21:58:06','2025-05-12 21:58:06','Centrale'),(73,75,61,'CHIONNA','VINCENZO','NCCR','2025-05-12','08:00:00','2025-05-12','12:15:00',4.25,0.00,0.00,0.00,4.25,'2025-05-12 22:50:41','2025-05-12 22:50:41','Nucleo Nautico'),(97,80,17,'BALDARI','SALVATORE','VE','2025-05-14','20:00:00','2025-05-15','09:00:00',5.00,8.00,0.00,0.00,13.00,'2025-05-14 13:51:29','2025-05-14 13:51:29','Nucleo Sommozzatori'),(98,82,2,'ANCONA','TEODORO','VC','2025-05-15','15:21:00','2025-05-15','20:00:00',4.65,0.00,0.00,0.00,4.65,'2025-05-14 17:22:23','2025-05-14 17:22:23','Centrale'),(99,83,2,'ANCONA','TEODORO','VC','2025-05-18','19:22:00','2025-05-18','22:22:00',0.00,0.00,3.00,0.00,3.00,'2025-05-14 17:23:04','2025-05-14 17:23:04','Centrale'),(102,85,275,'PILIEGO','LUIGI','CR','2025-05-15','08:00:00','2025-05-15','20:00:00',12.00,0.00,0.00,0.00,12.00,'2025-05-15 16:16:37','2025-05-15 16:16:37','Centrale'),(105,88,19,'BARCA','FLAVIA','OPER','2025-05-15','08:00:00','2025-05-15','22:00:00',14.00,0.00,0.00,0.00,14.00,'2025-05-15 19:42:52','2025-05-15 19:42:52','Bari'),(106,89,80,'D\'AMORE','CARMINE','VIG','2025-05-15','08:00:00','2025-05-15','21:00:00',13.00,0.00,0.00,0.00,13.00,'2025-05-15 19:52:08','2025-05-15 19:52:08','Bari'),(108,91,6,'APRILE','GIANLUCA','CS','2025-05-15','08:00:00','2025-05-16','09:00:00',17.00,8.00,0.00,0.00,25.00,'2025-05-15 20:24:35','2025-05-15 20:24:35','Francavilla Fontana'),(109,92,24,'BONIFACIO','LEONZIO','VV','2025-05-15','08:00:00','2025-05-15','22:00:00',14.00,0.00,0.00,0.00,14.00,'2025-05-15 20:24:53','2025-05-15 20:24:53','Bari'),(111,93,293,'RAGNO','ANTONELLA','OPER','2025-05-17','08:00:00','2025-05-17','20:00:00',12.00,0.00,0.00,0.00,12.00,'2025-05-17 19:29:50','2025-05-17 19:29:50','Bari'),(112,90,275,'PILIEGO','LUIGI','CR','2025-05-20','22:30:00','2025-05-21','08:00:00',1.50,8.00,0.00,0.00,9.50,'2025-05-17 19:55:12','2025-05-17 19:55:12','Centrale'),(113,94,61,'CHIONNA','VINCENZO','NCCR','2025-05-19','08:00:00','2025-05-19','22:00:00',14.00,0.00,0.00,0.00,14.00,'2025-05-19 07:18:34','2025-05-19 07:18:34','Nucleo Nautico'),(114,95,61,'CHIONNA','VINCENZO','NCCR','2025-05-20','22:00:00','2025-05-21','08:00:00',2.00,8.00,0.00,0.00,10.00,'2025-05-19 07:21:06','2025-05-19 07:21:06','Nucleo Nautico'),(115,96,61,'CHIONNA','VINCENZO','NCCR','2025-05-25','08:00:00','2025-05-25','20:00:00',0.00,0.00,12.00,0.00,12.00,'2025-05-19 09:54:42','2025-05-19 09:54:42','Nucleo Nautico'),(116,97,61,'CHIONNA','VINCENZO','NCCR','2025-05-10','20:00:00','2025-05-11','08:00:00',2.00,2.00,2.00,6.00,12.00,'2025-05-19 09:56:42','2025-05-19 09:56:42','Nucleo Nautico'),(119,86,275,'PILIEGO','LUIGI','CR','2025-05-23','11:00:00','2025-05-24','10:30:00',15.50,8.00,0.00,0.00,23.50,'2025-05-22 08:58:18','2025-05-22 08:58:18','Centrale'),(120,99,13,'AVALLONE','EMILIO','VV','2025-05-22','20:57:00','2025-05-22','21:57:00',1.00,0.00,0.00,0.00,1.00,'2025-05-22 13:57:06','2025-05-22 13:57:06','Centrale');
/*!40000 ALTER TABLE `calcolo_ore` ENABLE KEYS */;
UNLOCK TABLES;

--
-- Table structure for table `dipendenti`
--

DROP TABLE IF EXISTS `dipendenti`;
/*!40101 SET @saved_cs_client     = @@character_set_client */;
/*!40101 SET character_set_client = utf8 */;
CREATE TABLE `dipendenti` (
  `id` int(11) NOT NULL AUTO_INCREMENT,
  `qualifica` varchar(100) DEFAULT NULL,
  `cognome` varchar(100) NOT NULL,
  `nome` varchar(100) NOT NULL,
  `sede` varchar(100) DEFAULT NULL,
  `version` int(11) DEFAULT 1,
  `last_modified` timestamp NOT NULL DEFAULT current_timestamp() ON UPDATE current_timestamp(),
  `modified_by` int(11) DEFAULT NULL,
  PRIMARY KEY (`id`)
) ENGINE=InnoDB AUTO_INCREMENT=404 DEFAULT CHARSET=utf8mb4 COLLATE=utf8mb4_general_ci;
/*!40101 SET character_set_client = @saved_cs_client */;

--
-- Dumping data for table `dipendenti`
--

LOCK TABLES `dipendenti` WRITE;
/*!40000 ALTER TABLE `dipendenti` DISABLE KEYS */;
INSERT INTO `dipendenti` VALUES (1,'VE','ALEMANNO','ENEA','Centrale',1,'2025-05-22 10:09:35',NULL),(2,'VC','ANCONA','TEODORO','Centrale',1,'2025-05-22 10:09:35',NULL),(3,'VE','ANDRIOLA','COSIMO','Ostuni',1,'2025-05-22 10:09:35',NULL),(4,'VC','ANDRISANI','ROCCO','Ostuni',1,'2025-05-22 10:09:35',NULL),(5,'DSLG','ANELLI','SANDRO','Centrale',1,'2025-05-22 10:09:35',NULL),(6,'CS','APRILE','GIANLUCA','Francavilla Fontana',1,'2025-05-22 10:09:35',NULL),(7,'VESC','ARGENTIERO','ANTONIO','Ostuni',1,'2025-05-22 10:09:35',NULL),(8,'CR','ARGENTIERO','VITO','Ostuni',1,'2025-05-22 10:09:35',NULL),(9,'VV','ARPA','DAVIDE','Centrale',1,'2025-05-22 10:09:35',NULL),(10,'VE','ARSENA','FLORIANA','Francavilla Fontana',1,'2025-05-22 10:09:35',NULL),(11,'VV','AUGURIO','VALERIO','Centrale',1,'2025-05-22 10:09:35',NULL),(12,'VV','AUGUSTO','LUCA','Centrale',1,'2025-05-22 10:09:35',NULL),(13,'VV','AVALLONE','EMILIO','Centrale',1,'2025-05-22 10:09:35',NULL),(14,'VV','AYMONETTO','ALESSIO','Centrale',1,'2025-05-22 10:09:35',NULL),(15,'VV','BACCHINI','BRUNO','Centrale',1,'2025-05-22 10:09:35',NULL),(16,'VC','BALDARI','LUIGI ANTONIO','Centrale',1,'2025-05-22 10:09:35',NULL),(17,'VE','BALDARI','SALVATORE','Francavilla Fontana',1,'2025-05-22 10:09:35',NULL),(18,'VV','BALESTRA','GIUSEPPE','Centrale',1,'2025-05-22 10:09:35',NULL),(19,'OPER','BARCA','FLAVIA','Centrale',1,'2025-05-22 10:09:35',NULL),(20,'VV','BARLETTA','ANTONIO','Centrale',1,'2025-05-22 10:09:35',NULL),(21,'VV','BASSO','EUPREMIO','Centrale',1,'2025-05-22 10:09:35',NULL),(22,'VV','BELLANOVA','CESARE','Centrale',1,'2025-05-22 10:09:35',NULL),(23,'VESC','BOLOGNESE','SALVATORE','Brindisi (Aeroportuale)',1,'2025-05-22 10:09:35',NULL),(24,'VV','BONIFACIO','LEONZIO','Centrale',1,'2025-05-22 10:09:35',NULL),(25,'VC','BOROMEI','LUIGI','Centrale',1,'2025-05-22 10:09:35',NULL),(26,'VE','BORROMEO','MARIO','Brindisi (Aeroportuale)',1,'2025-05-22 10:09:35',NULL),(27,'NMVFC','BRUNETTI','GIANLUCA SALVATORE','Nucleo Nautico',1,'2025-05-22 10:09:35',NULL),(28,'VV','BRUNO','GIACOMO','Centrale',1,'2025-05-22 10:09:35',NULL),(29,'VCSC','BUFANO','GIOVANNI','Ostuni',1,'2025-05-22 10:09:35',NULL),(30,'VESC','BUONGIORNO','COSIMO','Francavilla Fontana',1,'2025-05-22 10:09:35',NULL),(31,'VC','BUONGIORNO','ERASMO ANTONIO','Ostuni',1,'2025-05-22 10:09:35',NULL),(32,'VV','BUONGIORNO','FRANCESCO','Centrale',1,'2025-05-22 10:09:35',NULL),(33,'CS','CAFARELLA','DANILO','Centrale',1,'2025-05-22 10:09:35',NULL),(34,'VV','CAFORIO','ELISABETTA','Centrale',1,'2025-05-22 10:09:35',NULL),(35,'VC','CAFORIO','TEODORO','Centrale',1,'2025-05-22 10:09:35',NULL),(36,'VV','CAIULO','MAURIZIO','Centrale',1,'2025-05-22 10:09:35',NULL),(37,'CQE','CALIA','ANTONIO','Centrale',1,'2025-05-22 10:09:35',NULL),(38,'VC','CAMPISI','GIUSEPPE','Brindisi (Aeroportuale)',1,'2025-05-22 10:09:35',NULL),(39,'VV','CAPODIECI','SANDRO','Centrale',1,'2025-05-22 10:09:35',NULL),(40,'VC','CAPONE','PAOLO','Brindisi (Aeroportuale)',1,'2025-05-22 10:09:35',NULL),(41,'VE','CAPONE','PIERPAOLO','Francavilla Fontana',1,'2025-05-22 10:09:35',NULL),(42,'NCVFC','CAPPELLI','FABIO','Nucleo Nautico',1,'2025-05-22 10:09:35',NULL),(43,'VV','CAPRIGLIA','ANGELO','Centrale',1,'2025-05-22 10:09:35',NULL),(44,'VV','CAPRIGLIA','GIANNI','Centrale',1,'2025-05-22 10:09:35',NULL),(45,'OPERESC','CARRIERI','MAURIZIO','Centrale',1,'2025-05-22 10:09:35',NULL),(46,'CR','CARRIERO','COSIMO','Centrale',1,'2025-05-22 10:09:35',NULL),(47,'VC','CASTAGNANOVA','ALESSIO','Centrale',1,'2025-05-22 10:09:35',NULL),(48,'VV','CATALANO','COSIMO','Centrale',1,'2025-05-22 10:09:35',NULL),(49,'VV','CATALDI','SALVATORE','Centrale',1,'2025-05-22 10:09:35',NULL),(50,'VC','CAVALLO','ANTONIO','Brindisi (Aeroportuale)',1,'2025-05-22 10:09:35',NULL),(51,'CR','CAVALLO','MICHELE','Ostuni',1,'2025-05-22 10:09:35',NULL),(52,'VE','CAVALLO','STEFANO','Ostuni',1,'2025-05-22 10:09:35',NULL),(53,'VESC','CAVALLO','VITO ANTONIO','Ostuni',1,'2025-05-22 10:09:35',NULL),(54,'VC','CAZZATO','ALESSANDRO','Centrale',1,'2025-05-22 10:09:35',NULL),(55,'VC','CHIANURA','EGIDIO FRANCESCO','Francavilla Fontana',1,'2025-05-22 10:09:35',NULL),(56,'VC','CHIATANTE','PIERO','Centrale',1,'2025-05-22 10:09:35',NULL),(57,'VV','CHIEGO','GIOVANNI','Centrale',1,'2025-05-22 10:09:35',NULL),(58,'VV','CHIERA','PAOLO','Centrale',1,'2025-05-22 10:09:35',NULL),(59,'VV','CHIONNA','LUIGI','Centrale',1,'2025-05-22 10:09:35',NULL),(60,'VV','CHIONNA','RAIMONDO','Centrale',1,'2025-05-22 10:09:35',NULL),(61,'NCCR','CHIONNA','VINCENZO','Nucleo Nautico',1,'2025-05-22 10:09:35',NULL),(62,'VE','CHIRI','MARCO','Brindisi (Aeroportuale)',1,'2025-05-22 10:09:35',NULL),(63,'VESC','CIONFOLI','ADRIANO','Francavilla Fontana',1,'2025-05-22 10:09:35',NULL),(64,'CR','CIRACI\'','LUIGI','Brindisi (Aeroportuale)',1,'2025-05-22 10:09:35',NULL),(65,'VV','COLELLI','STEFANO','Centrale',1,'2025-05-22 10:09:35',NULL),(66,'VE','COLUCCI','DAMIANO ANGELO','Ostuni',1,'2025-05-22 10:09:35',NULL),(67,'VV','CONTE','ROCCO','Centrale',1,'2025-05-22 10:09:35',NULL),(68,'CR','CONVERTINO','VITO','Ostuni',1,'2025-05-22 10:09:35',NULL),(69,'VE','COPPOLA','ANTONIO','Francavilla Fontana',1,'2025-05-22 10:09:35',NULL),(70,'VESC','CORRADO','PIER MARCELLO','Brindisi (Aeroportuale)',1,'2025-05-22 10:09:35',NULL),(71,'VV','CORSA','GIANPAOLO','Centrale',1,'2025-05-22 10:09:35',NULL),(72,'NCVFCSC','CORSA','MASSIMO','Nucleo Nautico',1,'2025-05-22 10:09:35',NULL),(73,'NMI','CORVAGLIA','GIUSEPPE','Centrale',1,'2025-05-22 10:09:35',NULL),(74,'VV','COSENTINO','FABIO','Centrale',1,'2025-05-22 10:09:35',NULL),(75,'VC','COSTA','SAMUELE','Brindisi (Aeroportuale)',1,'2025-05-22 10:09:35',NULL),(76,'VV','D\'ACCICO','COSIMO','Brindisi (Aeroportuale)',1,'2025-05-22 10:09:35',NULL),(77,'VCSC','D\'ADAMO','ROBERTO','Francavilla Fontana',1,'2025-05-22 10:09:35',NULL),(78,'VC','D\'AMBROSIO','SANTO','Francavilla Fontana',1,'2025-05-22 10:09:35',NULL),(79,'VV','D\'AMICO','GIANLUCA','Centrale',1,'2025-05-22 10:09:35',NULL),(80,'VIG','D\'AMORE','CARMINE','Francavilla Fontana',1,'2025-05-22 10:09:35',NULL),(81,'VV','D\'AMURI','FABRIZIO','Centrale',1,'2025-05-22 10:09:35',NULL),(82,'NCVFC','DE CASTRO','ANTONIO','Nucleo Nautico',1,'2025-05-22 10:09:35',NULL),(83,'VV','DE CESARE','ANTONIO','Centrale',1,'2025-05-22 10:09:35',NULL),(84,'VC','DE FAZIO','VINCENZO','Centrale',1,'2025-05-22 10:09:35',NULL),(85,'VC','DE GIORGI','DIEGO','Centrale',1,'2025-05-22 10:09:35',NULL),(86,'VE','DE GIORGI','GIANNI','Centrale',1,'2025-05-22 10:09:35',NULL),(87,'VV','DE LORENZO','SERENA','Centrale',1,'2025-05-22 10:09:35',NULL),(88,'IA','DE MILATO','ORONZO','Centrale',1,'2025-05-22 10:09:35',NULL),(89,'VV','DE NUZZO','ANDREA','Centrale',1,'2025-05-22 10:09:35',NULL),(90,'DCSLG','DE STAVOLA','MARCELLA','Centrale',1,'2025-05-22 10:09:35',NULL),(91,'VV','DEANGELIS','VALERIA','Centrale',1,'2025-05-22 10:09:35',NULL),(92,'VIGP','DELLA CORTE','FABIANA','Centrale',1,'2025-05-22 10:09:35',NULL),(93,'VV','DELL\'AQUILA','ANTIMO','Centrale',1,'2025-05-22 10:09:35',NULL),(94,'VV','DELLI NOCI','EMILIO','Centrale',1,'2025-05-22 10:09:35',NULL),(95,'VC','DELLISANTI','PAOLO','Ostuni',1,'2025-05-22 10:09:35',NULL),(96,'VESC','DI DOMENICO','FRANCESCO','Centrale',1,'2025-05-22 10:09:35',NULL),(97,'VC','DI MAURO','GIUSEPPE','Brindisi (Aeroportuale)',1,'2025-05-22 10:09:35',NULL),(98,'VC','DI PRESA','VINCENZO','Centrale',1,'2025-05-22 10:09:35',NULL),(99,'VE','DICEMBRE','POMPEO','Ostuni',1,'2025-05-22 10:09:35',NULL),(100,'VE','DIMA','ANDREA','Brindisi (Aeroportuale)',1,'2025-05-22 10:09:35',NULL),(101,'VV','DIMASTRODONATO','GIOVANNI','Centrale',1,'2025-05-22 10:09:35',NULL),(102,'CR','DIMONTE','FORTUNATO','Centrale',1,'2025-05-22 10:09:35',NULL),(103,'VE','DIODICIBUS','GIROLAMO','Brindisi (Aeroportuale)',1,'2025-05-22 10:09:35',NULL),(104,'NMVFC','DIONISIO','JEAN','Nucleo Nautico',1,'2025-05-22 10:09:35',NULL),(105,'IA','ETNA','ANDREA','Centrale',1,'2025-05-22 10:09:35',NULL),(106,'VV','FAGGIANO','ANTONIO','Centrale',1,'2025-05-22 10:09:35',NULL),(107,'NMCRSC','FAGGIANO','LUIGI','Nucleo Nautico',1,'2025-05-22 10:09:35',NULL),(108,'CS','FALCONE','ANTONIO','Brindisi (Aeroportuale)',1,'2025-05-22 10:09:35',NULL),(109,'VV','FALCONIERI','PASQUALE','Centrale',1,'2025-05-22 10:09:35',NULL),(110,'VESC','FANELLI','IVAN','Ostuni',1,'2025-05-22 10:09:35',NULL),(111,'VC','FANIZZI','NICOLA','Ostuni',1,'2025-05-22 10:09:35',NULL),(112,'VC','FERRARA','COSIMO','Francavilla Fontana',1,'2025-05-22 10:09:35',NULL),(113,'VV','FINO','ANDREA','Centrale',1,'2025-05-22 10:09:35',NULL),(114,'VE','FIORDALISO','CAMILLO','Ostuni',1,'2025-05-22 10:09:35',NULL),(115,'IA','FIUSCO','ALESSANDRO','Centrale',1,'2025-05-22 10:09:35',NULL),(116,'CS','FRANCIOSO','ANGELO','Centrale',1,'2025-05-22 10:09:35',NULL),(117,'CS','FRANCIOSO','DIEGO','Centrale',1,'2025-05-22 10:09:35',NULL),(118,'SVFC','FRANCONE','DARIO','Nucleo Sommozzatori',1,'2025-05-22 10:09:35',NULL),(119,'NCVFC','FRATTI','NICOLA','Nucleo Nautico',1,'2025-05-22 10:09:35',NULL),(120,'VV','FUSCO','RAFFAELE','Centrale',1,'2025-05-22 10:09:35',NULL),(121,'PD','GALGANO','GIUSEPPE','Centrale',1,'2025-05-22 10:09:35',NULL),(122,'CQE','GALIULO','ANTONIO','Francavilla Fontana',1,'2025-05-22 10:09:35',NULL),(123,'VC','GALLONE','SIMONE','Centrale',1,'2025-05-22 10:09:35',NULL),(124,'VESC','GALLUZZO','COSIMO','Centrale',1,'2025-05-22 10:09:35',NULL),(125,'DCS','GALLUZZO','ROBERTO','Centrale',1,'2025-05-22 10:09:35',NULL),(126,'CS','GELSOMINO','LUCA','Centrale',1,'2025-05-22 10:09:35',NULL),(127,'VC','GEMMA','COSIMO','Francavilla Fontana',1,'2025-05-22 10:09:35',NULL),(128,'VE','GEMMA','GIOVANNI','Francavilla Fontana',1,'2025-05-22 10:09:35',NULL),(129,'VC','GEMMA','RAFFAELE','Francavilla Fontana',1,'2025-05-22 10:09:35',NULL),(130,'CRSC','GENNARO','ANTONIO','Brindisi (Aeroportuale)',1,'2025-05-22 10:09:35',NULL),(131,'VV','GIAMMARRUCO','MARCO','Centrale',1,'2025-05-22 10:09:35',NULL),(132,'VV','GIORDANO','VINCENZO','Centrale',1,'2025-05-22 10:09:35',NULL),(133,'VCSC','GIOSA','TEODORO','Centrale',1,'2025-05-22 10:09:35',NULL),(134,'CS','GIUDICE','ALESSANDRO','Centrale',1,'2025-05-22 10:09:35',NULL),(135,'VC','GOFFREDO','GIONATA','Brindisi (Aeroportuale)',1,'2025-05-22 10:09:35',NULL),(136,'VE','GRAMMATICO','FABIO','Brindisi (Aeroportuale)',1,'2025-05-22 10:09:35',NULL),(137,'VE','GRAZIOSO','ANDREA','Centrale',1,'2025-05-22 10:09:35',NULL),(138,'NCVFC','GRAZIOSO','MICHELE','Nucleo Nautico',1,'2025-05-22 10:09:35',NULL),(139,'CQE','GRECO','CESARE','Centrale',1,'2025-05-22 10:09:35',NULL),(140,'CQE','GRECO','MICHELANGELO','Brindisi (Aeroportuale)',1,'2025-05-22 10:09:35',NULL),(141,'NCVFC','GRECO','ROBERTO','Nucleo Nautico',1,'2025-05-22 10:09:35',NULL),(142,'CS','GROSSO','DOMENICO','Francavilla Fontana',1,'2025-05-22 10:09:35',NULL),(143,'VV','GUADALUPI','ANTIMO','Centrale',1,'2025-05-22 10:09:35',NULL),(144,'VE','GUARINI','PAOLO','Centrale',1,'2025-05-22 10:09:35',NULL),(145,'VV','GUIDA','LEONARDO','Centrale',1,'2025-05-22 10:09:35',NULL),(146,'VV','IACOBBI','ALESSANDRO','Centrale',1,'2025-05-22 10:09:35',NULL),(147,'VV','IACOBBI','MARCELLO','Centrale',1,'2025-05-22 10:09:35',NULL),(148,'CS','IAIA','ANGELO','Centrale',1,'2025-05-22 10:09:35',NULL),(149,'VE','IAIA','ANTONIO','Centrale',1,'2025-05-22 10:09:35',NULL),(150,'VE','INCALZA','DAMIANO','Francavilla Fontana',1,'2025-05-22 10:09:35',NULL),(151,'VV','INCALZA','ORONZO','Centrale',1,'2025-05-22 10:09:35',NULL),(152,'CS','INGROSSO','DANIELE','Brindisi (Aeroportuale)',1,'2025-05-22 10:09:35',NULL),(153,'VC','INGROSSO','VITO ANTONIO','Brindisi (Aeroportuale)',1,'2025-05-22 10:09:35',NULL),(154,'CQE','INTIGLIETTA','COSIMO','Centrale',1,'2025-05-22 10:09:35',NULL),(155,'VCSC','INVIDIA','MARCO','Brindisi (Aeroportuale)',1,'2025-05-22 10:09:35',NULL),(156,'CS','ITTA','MASSIMO','Francavilla Fontana',1,'2025-05-22 10:09:35',NULL),(157,'VV','LAFUENTI','ALESSIO','Centrale',1,'2025-05-22 10:09:35',NULL),(158,'NMCSE','LAFUENTI','GIULIO','Nucleo Nautico',1,'2025-05-22 10:09:35',NULL),(159,'SCS','LALA','MASSIMO','Nucleo Sommozzatori',1,'2025-05-22 10:09:35',NULL),(160,'VIG','LANEVE','MARIO','Francavilla Fontana',1,'2025-05-22 10:09:35',NULL),(161,'VV','LANZILAO','ANTONIO','Centrale',1,'2025-05-22 10:09:35',NULL),(162,'VCSC','LANZILLOTTI','FERNANDO','Brindisi (Aeroportuale)',1,'2025-05-22 10:09:35',NULL),(163,'VC','LATORRE','ALESSANDRO','Ostuni',1,'2025-05-22 10:09:35',NULL),(164,'ILGE','LAURENZANA','ANNA','Centrale',1,'2025-05-22 10:09:35',NULL),(165,'VCSC','LAZZARI','DAVIDE','Centrale',1,'2025-05-22 10:09:35',NULL),(166,'VC','LAZZOI','MARCO','Centrale',1,'2025-05-22 10:09:35',NULL),(167,'CQE','LEGROTTAGLIE','ANGELO','Francavilla Fontana',1,'2025-05-22 10:09:35',NULL),(168,'CQE','LEO','GIOVANNI','Brindisi (Aeroportuale)',1,'2025-05-22 10:09:35',NULL),(169,'ILGE','LEO','MAURIZIO','Centrale',1,'2025-05-22 10:09:35',NULL),(170,'CQE','LEO','MAURIZIO','Brindisi (Aeroportuale)',1,'2025-05-22 10:09:35',NULL),(171,'VV','LERNA','PITER','Centrale',1,'2025-05-22 10:09:35',NULL),(172,'VV','LEUZZI','NICOLA','Centrale',1,'2025-05-22 10:09:35',NULL),(173,'VC','LEUZZI','SERGIO','Brindisi (Aeroportuale)',1,'2025-05-22 10:09:35',NULL),(174,'VV','LIBRALE','ANTONIO','Centrale',1,'2025-05-22 10:09:35',NULL),(175,'VV','LICCHELLO','GIOVANNI','Centrale',1,'2025-05-22 10:09:35',NULL),(176,'NMVFC','LIGORIO','ALESSANDRO','Nucleo Nautico',1,'2025-05-22 10:09:35',NULL),(177,'VE','LIGORIO','MARCO VALERIO','Francavilla Fontana',1,'2025-05-22 10:09:35',NULL),(178,'CS','LISANTI','PIERO','Francavilla Fontana',1,'2025-05-22 10:09:35',NULL),(179,'VCSC','LIUZZI','FRANCESCO','Ostuni',1,'2025-05-22 10:09:35',NULL),(180,'CR','LOCOCCIOLO','ANTONIO','Ostuni',1,'2025-05-22 10:09:35',NULL),(181,'VV','LOPEZ','DIEGO','Centrale',1,'2025-05-22 10:09:35',NULL),(182,'VCSC','LOTTATORE','ROCCO EMANUELE','Ostuni',1,'2025-05-22 10:09:35',NULL),(183,'VV','LUPO','DANIELE','Centrale',1,'2025-05-22 10:09:35',NULL),(184,'CR','MACCHITELLA','ANGELO','Ostuni',1,'2025-05-22 10:09:35',NULL),(185,'CQE','MAGGIO','AUGUSTO','Centrale',1,'2025-05-22 10:09:35',NULL),(186,'VC','MAGGIORE','ALESSANDRO','Ostuni',1,'2025-05-22 10:09:35',NULL),(187,'VE','MAGGIORE','COSIMO','Centrale',1,'2025-05-22 10:09:35',NULL),(188,'VV','MAGRI\'','MASSIMO','Centrale',1,'2025-05-22 10:09:35',NULL),(189,'VESC','MALATESTA','ANDREA','Centrale',1,'2025-05-22 10:09:35',NULL),(190,'VC','MALDARELLA','COSIMO','Ostuni',1,'2025-05-22 10:09:35',NULL),(191,'CR','MALORZO','GABRIELE','Brindisi (Aeroportuale)',1,'2025-05-22 10:09:35',NULL),(192,'IA','MALORZO','ROBERTO','Centrale',1,'2025-05-22 10:09:35',NULL),(193,'VC','MARCHESE','ANGELO','Brindisi (Aeroportuale)',1,'2025-05-22 10:09:35',NULL),(194,'VCSC','MARGHERITA','ALESSANDRO','Brindisi (Aeroportuale)',1,'2025-05-22 10:09:35',NULL),(195,'VE','MARIANO','MARIO','Centrale',1,'2025-05-22 10:09:35',NULL),(196,'D','MARRA','FRANCESCO','Centrale',1,'2025-05-22 10:09:35',NULL),(197,'VV','MARRAZZA','ROSARIO','Centrale',1,'2025-05-22 10:09:35',NULL),(198,'VV','MARTELLO','CRISTIANO','Centrale',1,'2025-05-22 10:09:35',NULL),(199,'VV','MARTELLO','SIMONE','Centrale',1,'2025-05-22 10:09:35',NULL),(200,'VV','MARTELLOTTI','LORENZO','Centrale',1,'2025-05-22 10:09:35',NULL),(201,'VV','MARTENA','DANIELE','Centrale',1,'2025-05-22 10:09:35',NULL),(202,'VV','MARTENA','MARCELLO','Centrale',1,'2025-05-22 10:09:35',NULL),(203,'SCR','MARTI','DAVIDE','Nucleo Sommozzatori',1,'2025-05-22 10:09:35',NULL),(204,'VESC','MARULLI','FELICE','Ostuni',1,'2025-05-22 10:09:35',NULL),(205,'VC','MASI','FRANCESCO','Centrale',1,'2025-05-22 10:09:35',NULL),(206,'CQE','MAURO','FERRUCCIO','Centrale',1,'2025-05-22 10:09:35',NULL),(207,'SCS','MAZZEO','UMBERTO','Nucleo Sommozzatori',1,'2025-05-22 10:09:35',NULL),(208,'VE','MELACCA','DAVIDE','Brindisi (Aeroportuale)',1,'2025-05-22 10:09:35',NULL),(209,'CQE','MELACCA','FRANCESCO','Centrale',1,'2025-05-22 10:09:35',NULL),(210,'VE','MELLONE','ANDREA','Brindisi (Aeroportuale)',1,'2025-05-22 10:09:35',NULL),(211,'VV','MEMMOLA','ELIO','Centrale',1,'2025-05-22 10:09:35',NULL),(212,'VCSC','MENDUNI','DANILO','Brindisi (Aeroportuale)',1,'2025-05-22 10:09:35',NULL),(213,'VC','MICCOLI','ANGELO','Francavilla Fontana',1,'2025-05-22 10:09:35',NULL),(214,'VCSC','MICCOLI','ANTONIO','Brindisi (Aeroportuale)',1,'2025-05-22 10:09:35',NULL),(215,'VE','MICCOLI','ARTURO','Centrale',1,'2025-05-22 10:09:35',NULL),(216,'VCSC','MICCOLI','FRANCESCO','Ostuni',1,'2025-05-22 10:09:35',NULL),(217,'ILGE','MICCOLI','MARIA','Centrale',1,'2025-05-22 10:09:35',NULL),(218,'CQE','MICCOLI','VITO','Francavilla Fontana',1,'2025-05-22 10:09:35',NULL),(219,'VC','MIGALETTI','MAURIZIO','Centrale',1,'2025-05-22 10:09:35',NULL),(220,'VE','MINELLI','MARCO','Centrale',1,'2025-05-22 10:09:35',NULL),(221,'VV','MINGHETTI','PIERLUIGI SIMONE','Centrale',1,'2025-05-22 10:09:35',NULL),(222,'VCSC','MINGOLLA','GIOSUE\'','Centrale',1,'2025-05-22 10:09:35',NULL),(223,'VC','MOLA','ANTONIO','Ostuni',1,'2025-05-22 10:09:35',NULL),(224,'VV','MONDELLI','GIOVANNI','Centrale',1,'2025-05-22 10:09:35',NULL),(225,'VE','MONSELLATO','GIOVANNI','Centrale',1,'2025-05-22 10:09:35',NULL),(226,'VE','MONTANARO','ANDREA','Centrale',1,'2025-05-22 10:09:35',NULL),(227,'VV','MORCIANO','CRISTIAN','Centrale',1,'2025-05-22 10:09:35',NULL),(228,'CQE','MORCIANO','ROBERTO','Brindisi (Aeroportuale)',1,'2025-05-22 10:09:35',NULL),(229,'VC','MORELLI','PAOLO','Centrale',1,'2025-05-22 10:09:35',NULL),(230,'VC','MORELLO','ALESSANDRO','Brindisi (Aeroportuale)',1,'2025-05-22 10:09:35',NULL),(231,'VC','MORETTI','FILOMENO','Ostuni',1,'2025-05-22 10:09:35',NULL),(232,'VV','MUCCIO','COSIMO','Centrale',1,'2025-05-22 10:09:35',NULL),(233,'VC','MUOLO','ANTONIO','Brindisi (Aeroportuale)',1,'2025-05-22 10:09:35',NULL),(234,'VCSC','MUOLO','PIETRO','Brindisi (Aeroportuale)',1,'2025-05-22 10:09:35',NULL),(235,'VC','MUSCIO','TEODORO VALTER','Centrale',1,'2025-05-22 10:09:35',NULL),(236,'CS','MUSIO','ANTONIO','Brindisi (Aeroportuale)',1,'2025-05-22 10:09:35',NULL),(237,'VC','NACCARATO','MASSIMILIANO','Brindisi (Aeroportuale)',1,'2025-05-22 10:09:35',NULL),(238,'VV','NEGLIE','NICOLA','Centrale',1,'2025-05-22 10:09:35',NULL),(239,'VC','NISI','CATALDO','Centrale',1,'2025-05-22 10:09:35',NULL),(240,'VV','NOCENTE','MIMMO','Centrale',1,'2025-05-22 10:09:35',NULL),(241,'VV','NOTARO','DOMENICO','Centrale',1,'2025-05-22 10:09:35',NULL),(242,'VV','ORASSI','FRANCESCO','Centrale',1,'2025-05-22 10:09:35',NULL),(243,'VC','ORFANO','SALVATORE','Brindisi (Aeroportuale)',1,'2025-05-22 10:09:35',NULL),(244,'VE','OSTUNI','ALESSIO','Brindisi (Aeroportuale)',1,'2025-05-22 10:09:35',NULL),(245,'CQE','OSTUNI','GIANLUCA','Brindisi (Aeroportuale)',1,'2025-05-22 10:09:35',NULL),(246,'CS','OSTUNI','LUIGI','Brindisi (Aeroportuale)',1,'2025-05-22 10:09:35',NULL),(247,'DCS','OSTUNI','MARCO','Centrale',1,'2025-05-22 10:09:35',NULL),(248,'VCSC','OSTUNI','MASSIMO','Centrale',1,'2025-05-22 10:09:35',NULL),(249,'VV','PACE','PIERGIUSEPPE','Centrale',1,'2025-05-22 10:09:35',NULL),(250,'VESC','PAGLIARA','ANGELO','Centrale',1,'2025-05-22 10:09:35',NULL),(251,'VV','PAGLIARA','SILVIO','Centrale',1,'2025-05-22 10:09:35',NULL),(252,'VV','PALAZZO','ANGELO','Centrale',1,'2025-05-22 10:09:35',NULL),(253,'VE','PALMA','DIEGO','Centrale',1,'2025-05-22 10:09:35',NULL),(254,'VV','PALMA','SALVATORE','Centrale',1,'2025-05-22 10:09:35',NULL),(255,'VESC','PALMISANO','ANTONIO','Brindisi (Aeroportuale)',1,'2025-05-22 10:09:35',NULL),(256,'VE','PALMISANO','ANTONIO','Francavilla Fontana',1,'2025-05-22 10:09:35',NULL),(257,'OPERESC','PALMISANO','FEDELE','Centrale',1,'2025-05-22 10:09:35',NULL),(258,'VC','PALUMBO','ANTONIO','Brindisi (Aeroportuale)',1,'2025-05-22 10:09:35',NULL),(259,'VE','PANAREO','CLAUDIO','Centrale',1,'2025-05-22 10:09:35',NULL),(260,'VV','PANELLI','VINCENZO','Centrale',1,'2025-05-22 10:09:35',NULL),(261,'VV','PAPA','ANTONIO','Centrale',1,'2025-05-22 10:09:35',NULL),(262,'VV','PARISI','COSIMO','Centrale',1,'2025-05-22 10:09:35',NULL),(263,'VC','PASCARIELLO','FRANCO','Centrale',1,'2025-05-22 10:09:35',NULL),(264,'VE','PELLEGRINO','COSIMO','Brindisi (Aeroportuale)',1,'2025-05-22 10:09:35',NULL),(265,'IIE','PELLEGRINO','VINCENZO','Centrale',1,'2025-05-22 10:09:35',NULL),(266,'VE','PEPE ESPOSITO','MARCO','Brindisi (Aeroportuale)',1,'2025-05-22 10:09:35',NULL),(267,'IIE','PERRONE','ALESSANDRO','Centrale',1,'2025-05-22 10:09:35',NULL),(268,'VCSC','PERRONE','ANDREA','Brindisi (Aeroportuale)',1,'2025-05-22 10:09:35',NULL),(269,'CS','PERRONE','GIUSEPPE','Brindisi (Aeroportuale)',1,'2025-05-22 10:09:35',NULL),(270,'VV','PERRUCCI','ORSOLA','Centrale',1,'2025-05-22 10:09:35',NULL),(271,'VV','PERRUCI','ORSOLA','Centrale',1,'2025-05-22 10:09:35',NULL),(272,'VC','PETITI','CARMELO COSIMO','Centrale',1,'2025-05-22 10:09:35',NULL),(273,'VV','PETRACHI','COSIMO','Centrale',1,'2025-05-22 10:09:35',NULL),(274,'CS','PETRACHI','DAMIANO','Centrale',1,'2025-05-22 10:09:35',NULL),(275,'CR','PILIEGO','LUIGI','Centrale',1,'2025-05-22 10:09:35',NULL),(276,'VC','PILIEGO','TEODORO','Centrale',1,'2025-05-22 10:09:35',NULL),(277,'VV','PINTO','TEODORO','Centrale',1,'2025-05-22 10:09:35',NULL),(278,'VE','PIRO','COSIMO','Francavilla Fontana',1,'2025-05-22 10:09:35',NULL),(279,'VV','PORTOLANO','LUCIANO','Centrale',1,'2025-05-22 10:09:35',NULL),(280,'VV','PRATICO\'','PAOLO','Centrale',1,'2025-05-22 10:09:35',NULL),(281,'VV','PRIMICERI','COSIMO','Centrale',1,'2025-05-22 10:09:35',NULL),(282,'VESC','PRIMICERI','LUIGI','Brindisi (Aeroportuale)',1,'2025-05-22 10:09:35',NULL),(283,'VV','PRINCIPE','DANIELE','Centrale',1,'2025-05-22 10:09:35',NULL),(284,'VV','PRONTERA','FABIO','Centrale',1,'2025-05-22 10:09:35',NULL),(285,'VC','PULLI','GIUSEPPE','Centrale',1,'2025-05-22 10:09:35',NULL),(286,'NCVFC','PUNZONI','FRANCESCO','Nucleo Nautico',1,'2025-05-22 10:09:35',NULL),(287,'AVIG','QUARTA','ADRIANO','Centrale',1,'2025-05-22 10:09:35',NULL),(288,'VESC','QUARTA','ANTONIO','Centrale',1,'2025-05-22 10:09:35',NULL),(289,'VE','QUARTA','GIAMMARCO','Brindisi (Aeroportuale)',1,'2025-05-22 10:09:35',NULL),(290,'VIG','QUARTA','MARCO','Brindisi (Aeroportuale)',1,'2025-05-22 10:09:35',NULL),(291,'VV','QUARTA','TEODORO','Centrale',1,'2025-05-22 10:09:35',NULL),(292,'CR','QUARTULLI','PIETRO','Ostuni',1,'2025-05-22 10:09:35',NULL),(293,'OPER','RAGNO','ANTONELLA','Centrale',1,'2025-05-22 10:09:35',NULL),(294,'VESC','RAPISARDA','ROBERTO','Brindisi (Aeroportuale)',1,'2025-05-22 10:09:35',NULL),(295,'VV','RECCHIA','ROBERTO','Centrale',1,'2025-05-22 10:09:35',NULL),(296,'VCSC','RENNA','RUGGERO','Centrale',1,'2025-05-22 10:09:35',NULL),(297,'VV','RIBEZZI','EMILIANO','Centrale',1,'2025-05-22 10:09:35',NULL),(298,'VC','RISO','DAVIDE','Centrale',1,'2025-05-22 10:09:35',NULL),(299,'VE','RIZZELLI','FABIO','Brindisi (Aeroportuale)',1,'2025-05-22 10:09:35',NULL),(300,'VE','ROCHIRA','COSIMO DAMIANO','Brindisi (Aeroportuale)',1,'2025-05-22 10:09:35',NULL),(301,'VV','RODIA','RENATO','Centrale',1,'2025-05-22 10:09:35',NULL),(302,'CS','ROMA','ANTONIO','Francavilla Fontana',1,'2025-05-22 10:09:35',NULL),(303,'CS','ROMA','PIETRO','Centrale',1,'2025-05-22 10:09:35',NULL),(304,'VV','ROMANELLI','MARCELLO','Centrale',1,'2025-05-22 10:09:35',NULL),(305,'IIE','ROMANO','DANIELE','Centrale',1,'2025-05-22 10:09:35',NULL),(306,'CRESC AIB','ROSSELLI','TOMMASO','Centrale',1,'2025-05-22 10:09:35',NULL),(307,'VC','RUBINO','ANGELO','Centrale',1,'2025-05-22 10:09:35',NULL),(308,'VE','RUBINO','MATTIA FRANCESCO','Centrale',1,'2025-05-22 10:09:35',NULL),(309,'CR','RUBINO','SALVATORE','Centrale',1,'2025-05-22 10:09:35',NULL),(310,'VDLG','RUCCO','LIDALBA MARIA','Centrale',1,'2025-05-22 10:09:35',NULL),(311,'VIG','RUGGERI','VALENTINA','Centrale',1,'2025-05-22 10:09:35',NULL),(312,'VC','RUOTOLO','NICOLA','Brindisi (Aeroportuale)',1,'2025-05-22 10:09:35',NULL),(313,'VV','SALONNA','FRANCESCO','Centrale',1,'2025-05-22 10:09:35',NULL),(314,'VE','SANTORO','ALESSANDRO','Brindisi (Aeroportuale)',1,'2025-05-22 10:09:35',NULL),(315,'VV','SANTORO','AMILCARE MARCELLO','Centrale',1,'2025-05-22 10:09:35',NULL),(316,'VE','SANTORO','BENIAMINO','Centrale',1,'2025-05-22 10:09:35',NULL),(317,'VCSC','SANTORO','COSIMO','Brindisi (Aeroportuale)',1,'2025-05-22 10:09:35',NULL),(318,'VCSC','SANTORO','MARIO','Ostuni',1,'2025-05-22 10:09:35',NULL),(319,'NMVFC','SAPONARO','GIUSEPPE','Nucleo Nautico',1,'2025-05-22 10:09:35',NULL),(320,'VCSC','SAPONARO','LORENZO','Ostuni',1,'2025-05-22 10:09:35',NULL),(321,'VV','SAPONARO','MAURIZIO','Centrale',1,'2025-05-22 10:09:35',NULL),(322,'CR','SAPONARO','ORONZO','Centrale',1,'2025-05-22 10:09:35',NULL),(323,'VV','SARACINO','MARIA FONTANA','Centrale',1,'2025-05-22 10:09:35',NULL),(324,'VV','SARCINELLA','ANGELO','Centrale',1,'2025-05-22 10:09:35',NULL),(325,'VESC','SARDIELLO','MICHELE','Francavilla Fontana',1,'2025-05-22 10:09:35',NULL),(326,'VV','SASSO','DANIELA','Centrale',1,'2025-05-22 10:09:35',NULL),(327,'VV','SASSO','MIRKO','Centrale',1,'2025-05-22 10:09:35',NULL),(328,'VV','SCARAFILE','GIUSEPPE','Centrale',1,'2025-05-22 10:09:35',NULL),(329,'VC','SCARCIA','ANTONIO','Brindisi (Aeroportuale)',1,'2025-05-22 10:09:35',NULL),(330,'VE','SCARCIA','ERMANNO','Brindisi (Aeroportuale)',1,'2025-05-22 10:09:35',NULL),(331,'VIG','SCIOLTI','GIUSEPPE','Francavilla Fontana',1,'2025-05-22 10:09:35',NULL),(332,'SCR','SCORRANO','GIANCARLO','Centrale',1,'2025-05-22 10:09:35',NULL),(333,'CS','SEMERARO','FILIPPO','Centrale',1,'2025-05-22 10:09:35',NULL),(334,'VV','SERGIO','COSIMO','Centrale',1,'2025-05-22 10:09:35',NULL),(335,'VC','SICILIANO','GIANLUCA','Centrale',1,'2025-05-22 10:09:35',NULL),(336,'OPERESC','SIGNORILE','NICOLA','Centrale',1,'2025-05-22 10:09:35',NULL),(337,'NMCSE','SIRAGO','GIUSEPPE','Nucleo Nautico',1,'2025-05-22 10:09:35',NULL),(338,'CR','SOROBERTO','ANTONIO','Centrale',1,'2025-05-22 10:09:35',NULL),(339,'VC','SOROBERTO','MASSIMO','Centrale',1,'2025-05-22 10:09:35',NULL),(340,'VV','SPADONI','DANIELE','Centrale',1,'2025-05-22 10:09:35',NULL),(341,'VE','SPADONI','DAVIDE','Brindisi (Aeroportuale)',1,'2025-05-22 10:09:35',NULL),(342,'VV','SPAGNOLO','FABIO','Centrale',1,'2025-05-22 10:09:35',NULL),(343,'CQE','SPENNATI','GIUSEPPE','Centrale',1,'2025-05-22 10:09:35',NULL),(344,'CRSC','SPERTO','FRANCESCO','Centrale',1,'2025-05-22 10:09:35',NULL),(345,'VV','SPIRITO','RAFFAELE','Centrale',1,'2025-05-22 10:09:35',NULL),(346,'VE','STANISCI','GIANLUCA','Centrale',1,'2025-05-22 10:09:35',NULL),(347,'VIGP','SURANO','DARIO UGO','Centrale',1,'2025-05-22 10:09:35',NULL),(348,'VC','SURANO','UGO','Centrale',1,'2025-05-22 10:09:35',NULL),(349,'VV','TANZARELLA','VINCENZO','Centrale',1,'2025-05-22 10:09:35',NULL),(350,'D','TARANTINI','MARIA CONSIGLIA','Centrale',1,'2025-05-22 10:09:35',NULL),(351,'VV','TARANTINO','ANDREA','Centrale',1,'2025-05-22 10:09:35',NULL),(352,'VC','TARANTINO','ANDREA','Brindisi (Aeroportuale)',1,'2025-05-22 10:09:35',NULL),(353,'VCSC','TASCO','ALESSANDRO','Brindisi (Aeroportuale)',1,'2025-05-22 10:09:35',NULL),(354,'CS','TASCO','ANTONIO','Centrale',1,'2025-05-22 10:09:35',NULL),(355,'VE','TASSO','CIRIACO','Centrale',1,'2025-05-22 10:09:35',NULL),(356,'IAE','TASSO','COSIMO','Centrale',1,'2025-05-22 10:09:35',NULL),(357,'VESC','TASSO','GIUSEPPE','Centrale',1,'2025-05-22 10:09:35',NULL),(358,'CS','TASSO','MASSIMO','Centrale',1,'2025-05-22 10:09:35',NULL),(359,'VV','TAURISANO','ALESSANDRO','Centrale',1,'2025-05-22 10:09:35',NULL),(360,'VV','TEDESCHI','FRANCESCA','Centrale',1,'2025-05-22 10:09:35',NULL),(361,'VE','TODISCO','MARCO','Brindisi (Aeroportuale)',1,'2025-05-22 10:09:35',NULL),(362,'CS','TONDO','MARIO','Brindisi (Aeroportuale)',1,'2025-05-22 10:09:35',NULL),(363,'VE','TRAPANI','ALESSANDRO','Centrale',1,'2025-05-22 10:09:35',NULL),(364,'VV','URSO','CARLO','Centrale',1,'2025-05-22 10:09:35',NULL),(365,'VE','VACCA','COTRINO','Francavilla Fontana',1,'2025-05-22 10:09:35',NULL),(366,'SCR','VACCA','DANIELE','Nucleo Sommozzatori',1,'2025-05-22 10:09:35',NULL),(367,'VC','VALENTE','MARCO','Centrale',1,'2025-05-22 10:09:35',NULL),(368,'VV','VALENTE','MASSIMO','Centrale',1,'2025-05-22 10:09:35',NULL),(369,'SCS','VALLONE','DAVIDE','Nucleo Sommozzatori',1,'2025-05-22 10:09:35',NULL),(370,'VV','VANTAGGIATO','FEDERICO','Centrale',1,'2025-05-22 10:09:35',NULL),(371,'VV','VENDETTA','STELLA','Centrale',1,'2025-05-22 10:09:35',NULL),(372,'VESC','VERGALLO','DIEGO','Centrale',1,'2025-05-22 10:09:35',NULL),(373,'VV','VERGALLO','PIETRO PAOLO','Centrale',1,'2025-05-22 10:09:35',NULL),(374,'CR','VILLANI','GIUSEPPE','Centrale',1,'2025-05-22 10:09:35',NULL),(375,'VE','VINCENTI','GIANLUCA','Brindisi (Aeroportuale)',1,'2025-05-22 10:09:35',NULL),(376,'OPERESC','VITA','LUIGI','Centrale',1,'2025-05-22 10:09:35',NULL),(377,'VE','VITALE','STEFANO','Francavilla Fontana',1,'2025-05-22 10:09:35',NULL),(378,'VV','ZANELLI','PIERPAOLO','Centrale',1,'2025-05-22 10:09:35',NULL),(379,'NCCR','ZANTONINI','ETTORE','Nucleo Nautico',1,'2025-05-22 10:09:35',NULL),(380,'CS','ZIPPO','CLAUDIO','Brindisi (Aeroportuale)',1,'2025-05-22 10:09:35',NULL),(381,'CS','ZIZZI','ROBERTO','Centrale',1,'2025-05-22 10:09:35',NULL),(382,'VCSC','ZIZZO','GILBERTO','Brindisi (Aeroportuale)',1,'2025-05-22 10:09:35',NULL),(383,'VC','ZONNO','FRANCESCO','Centrale',1,'2025-05-22 10:09:35',NULL),(384,'CS','ZULLINO','ELIO','Brindisi (Aeroportuale)',1,'2025-05-22 10:09:35',NULL),(385,'VE','ZULLINO','PASQUALE SIMONE','Centrale',1,'2025-05-22 10:09:35',NULL),(386,'VE','ZULLINO','ROBERTA','Centrale',1,'2025-05-22 10:09:35',NULL),(387,'CR','ZURLO','DOMENICO','Ostuni',1,'2025-05-22 10:09:35',NULL),(388,'CR','ZURLO','GIOVANNI','Brindisi (Aeroportuale)',1,'2025-05-22 10:09:35',NULL),(389,'CR','ZURLO','MAURIZIO','Ostuni',1,'2025-05-22 10:09:35',NULL),(403,'NCVFCSC','AAA','AAAA','Brindisi (Aeroportuale)',1,'2025-05-22 11:41:07',NULL);
/*!40000 ALTER TABLE `dipendenti` ENABLE KEYS */;
UNLOCK TABLES;

--
-- Table structure for table `qualifiche`
--

DROP TABLE IF EXISTS `qualifiche`;
/*!40101 SET @saved_cs_client     = @@character_set_client */;
/*!40101 SET character_set_client = utf8 */;
CREATE TABLE `qualifiche` (
  `id` int(11) NOT NULL AUTO_INCREMENT,
  `qualifica` varchar(50) NOT NULL,
  PRIMARY KEY (`id`),
  UNIQUE KEY `nome` (`qualifica`)
) ENGINE=InnoDB AUTO_INCREMENT=39 DEFAULT CHARSET=utf8mb4 COLLATE=utf8mb4_general_ci;
/*!40101 SET character_set_client = @saved_cs_client */;

--
-- Dumping data for table `qualifiche`
--

LOCK TABLES `qualifiche` WRITE;
/*!40000 ALTER TABLE `qualifiche` DISABLE KEYS */;
INSERT INTO `qualifiche` VALUES (32,'AVIG'),(11,'CQE'),(6,'CR'),(33,'CRESC AIB'),(25,'CRSC'),(4,'CS'),(29,'D'),(24,'DCS'),(19,'DCSLG'),(3,'DSLG'),(18,'IA'),(35,'IAE'),(31,'IIE'),(28,'ILGE'),(14,'NCCR'),(12,'NCVFC'),(15,'NCVFCSC'),(21,'NMCRSC'),(26,'NMCSE'),(16,'NMI'),(9,'NMVFC'),(8,'OPER'),(13,'OPERESC'),(23,'PD'),(30,'SCR'),(27,'SCS'),(22,'SVFC'),(2,'VC'),(10,'VCSC'),(34,'VDLG'),(1,'VE'),(5,'VESC'),(17,'VIG'),(20,'VIGP'),(7,'VV');
/*!40000 ALTER TABLE `qualifiche` ENABLE KEYS */;
UNLOCK TABLES;

--
-- Table structure for table `sedi`
--

DROP TABLE IF EXISTS `sedi`;
/*!40101 SET @saved_cs_client     = @@character_set_client */;
/*!40101 SET character_set_client = utf8 */;
CREATE TABLE `sedi` (
  `id` int(11) NOT NULL AUTO_INCREMENT,
  `nome` varchar(100) NOT NULL,
  PRIMARY KEY (`id`),
  UNIQUE KEY `nome` (`nome`)
) ENGINE=InnoDB AUTO_INCREMENT=10 DEFAULT CHARSET=utf8mb4 COLLATE=utf8mb4_general_ci;
/*!40101 SET character_set_client = @saved_cs_client */;

--
-- Dumping data for table `sedi`
--

LOCK TABLES `sedi` WRITE;
/*!40000 ALTER TABLE `sedi` DISABLE KEYS */;
INSERT INTO `sedi` VALUES (4,'Brindisi (Aeroportuale)'),(1,'Centrale'),(3,'Francavilla Fontana'),(5,'Nucleo Nautico'),(6,'Nucleo Sommozzatori'),(2,'Ostuni');
/*!40000 ALTER TABLE `sedi` ENABLE KEYS */;
UNLOCK TABLES;

--
-- Table structure for table `turni`
--

DROP TABLE IF EXISTS `turni`;
/*!40101 SET @saved_cs_client     = @@character_set_client */;
/*!40101 SET character_set_client = utf8 */;
CREATE TABLE `turni` (
  `id` int(11) NOT NULL AUTO_INCREMENT,
  `employee_id` int(11) NOT NULL,
  `entry_date` date NOT NULL,
  `entry_time` time NOT NULL,
  `exit_date` date NOT NULL,
  `exit_time` time NOT NULL,
  `created_at` datetime DEFAULT current_timestamp(),
  `created_by` varchar(50) DEFAULT NULL,
  `sede` varchar(100) DEFAULT NULL,
  `version` int(11) DEFAULT 1,
  `last_modified` timestamp NOT NULL DEFAULT current_timestamp() ON UPDATE current_timestamp(),
  `modified_by` int(11) DEFAULT NULL,
  PRIMARY KEY (`id`),
  KEY `employee_id` (`employee_id`),
  CONSTRAINT `turni_ibfk_1` FOREIGN KEY (`employee_id`) REFERENCES `dipendenti` (`id`) ON DELETE CASCADE
) ENGINE=InnoDB AUTO_INCREMENT=100 DEFAULT CHARSET=utf8mb4 COLLATE=utf8mb4_general_ci;
/*!40101 SET character_set_client = @saved_cs_client */;

--
-- Dumping data for table `turni`
--

LOCK TABLES `turni` WRITE;
/*!40000 ALTER TABLE `turni` DISABLE KEYS */;
INSERT INTO `turni` VALUES (54,17,'2025-05-12','08:00:00','2025-05-12','11:05:00','2025-05-12 17:41:36',NULL,'Francavilla Fontana',1,'2025-05-22 10:09:35',NULL),(55,14,'2025-05-12','09:00:00','2025-05-12','11:00:00','2025-05-12 22:06:31',NULL,'Centrale',1,'2025-05-22 10:09:35',NULL),(56,5,'2025-05-12','08:00:00','2025-05-12','11:03:00','2025-05-12 22:08:37',NULL,'Ostuni',1,'2025-05-22 10:09:35',NULL),(57,37,'2025-05-12','08:00:00','2025-05-12','11:03:00','2025-05-12 22:14:21',NULL,'Centrale',1,'2025-05-22 10:09:35',NULL),(58,7,'2025-05-12','08:00:00','2025-05-12','11:03:00','2025-05-12 22:29:51',NULL,'Ostuni',1,'2025-05-22 10:09:35',NULL),(59,188,'2025-05-12','08:00:00','2025-05-12','11:03:00','2025-05-12 22:30:28',NULL,'Centrale',1,'2025-05-22 10:09:35',NULL),(60,13,'2025-05-12','08:00:00','2025-05-12','11:03:00','2025-05-12 22:34:20',NULL,'Centrale',1,'2025-05-22 10:09:35',NULL),(61,73,'2025-05-12','08:00:00','2025-05-12','11:03:00','2025-05-12 22:41:49',NULL,'Centrale',1,'2025-05-22 10:09:35',NULL),(65,8,'2025-05-12','08:00:00','2025-05-13','23:00:00','2025-05-12 23:23:44',NULL,NULL,1,'2025-05-22 10:09:35',NULL),(68,1,'2025-05-12','08:00:00','2025-05-12','20:00:00','2025-05-12 23:27:35',NULL,NULL,1,'2025-05-22 10:09:35',NULL),(69,4,'2025-05-12','08:00:00','2025-05-12','22:00:00','2025-05-12 23:32:31',NULL,'Centrale',1,'2025-05-22 10:09:35',NULL),(70,15,'2025-05-12','08:00:00','2025-05-12','23:00:00','2025-05-12 23:38:16',NULL,NULL,1,'2025-05-22 10:09:35',NULL),(74,21,'2025-05-12','08:00:00','2025-05-12','22:00:00','2025-05-12 23:58:06',NULL,NULL,1,'2025-05-22 10:09:35',NULL),(75,61,'2025-05-12','08:00:00','2025-05-12','12:15:00','2025-05-13 00:50:41',NULL,NULL,1,'2025-05-22 10:09:35',NULL),(80,17,'2025-05-14','20:00:00','2025-05-15','09:00:00','2025-05-14 00:14:13',NULL,'Nucleo Sommozzatori',1,'2025-05-22 10:09:35',NULL),(82,2,'2025-05-15','15:21:00','2025-05-15','20:00:00','2025-05-14 19:22:23',NULL,NULL,1,'2025-05-22 10:09:35',NULL),(83,2,'2025-05-18','19:22:00','2025-05-18','22:22:00','2025-05-14 19:23:04',NULL,NULL,1,'2025-05-22 10:09:35',NULL),(85,275,'2025-05-15','08:00:00','2025-05-15','20:00:00','2025-05-15 18:16:37',NULL,NULL,1,'2025-05-22 10:09:35',NULL),(86,275,'2025-05-23','11:00:00','2025-05-24','10:30:00','2025-05-15 18:17:10',NULL,'Centrale',1,'2025-05-22 10:09:35',NULL),(88,19,'2025-05-15','08:00:00','2025-05-15','22:00:00','2025-05-15 21:42:52',NULL,'Bari',1,'2025-05-22 10:09:35',NULL),(89,80,'2025-05-15','08:00:00','2025-05-15','21:00:00','2025-05-15 21:52:08',NULL,'Bari',1,'2025-05-22 10:09:35',NULL),(90,275,'2025-05-20','22:30:00','2025-05-21','08:00:00','2025-05-15 22:20:23',NULL,NULL,1,'2025-05-22 10:09:35',NULL),(91,6,'2025-05-15','08:00:00','2025-05-16','09:00:00','2025-05-15 22:24:35',NULL,NULL,1,'2025-05-22 10:09:35',NULL),(92,24,'2025-05-15','08:00:00','2025-05-15','22:00:00','2025-05-15 22:24:53',NULL,'Bari',1,'2025-05-22 10:09:35',NULL),(93,293,'2025-05-17','08:00:00','2025-05-17','20:00:00','2025-05-17 21:29:50',NULL,'Bari',1,'2025-05-22 10:09:35',NULL),(94,61,'2025-05-19','08:00:00','2025-05-19','22:00:00','2025-05-19 09:18:34',NULL,NULL,1,'2025-05-22 10:09:35',NULL),(95,61,'2025-05-20','22:00:00','2025-05-21','08:00:00','2025-05-19 09:21:06',NULL,NULL,1,'2025-05-22 10:09:35',NULL),(96,61,'2025-05-25','08:00:00','2025-05-25','20:00:00','2025-05-19 11:54:42',NULL,NULL,1,'2025-05-22 10:09:35',NULL),(97,61,'2025-05-10','20:00:00','2025-05-11','08:00:00','2025-05-19 11:56:42',NULL,NULL,1,'2025-05-22 10:09:35',NULL),(99,13,'2025-05-22','20:57:00','2025-05-22','21:57:00','2025-05-22 15:57:06',NULL,NULL,1,'2025-05-22 13:57:06',NULL);
/*!40000 ALTER TABLE `turni` ENABLE KEYS */;
UNLOCK TABLES;

--
-- Table structure for table `users`
--

DROP TABLE IF EXISTS `users`;
/*!40101 SET @saved_cs_client     = @@character_set_client */;
/*!40101 SET character_set_client = utf8 */;
CREATE TABLE `users` (
  `id` int(11) NOT NULL AUTO_INCREMENT,
  `username` varchar(50) NOT NULL,
  `password` varchar(100) NOT NULL,
  `ruolo` enum('admin','user','supervisor','superadmin') NOT NULL DEFAULT 'user',
  PRIMARY KEY (`id`)
) ENGINE=InnoDB AUTO_INCREMENT=7 DEFAULT CHARSET=utf8mb4 COLLATE=utf8mb4_general_ci;
/*!40101 SET character_set_client = @saved_cs_client */;

--
-- Dumping data for table `users`
--

LOCK TABLES `users` WRITE;
/*!40000 ALTER TABLE `users` DISABLE KEYS */;
INSERT INTO `users` VALUES (1,'user','$2y$10$srRJmW0ESjKB1vVeIMmkeufT5U7qWRK3l50BfE1cV863zxMPRexWi','user'),(2,'admin','$2b$12$Y83gcuudnuobBeqWaxUk0e9xb.3Fo9dZ/PRqrmFnm7cOTXi73vaD.','admin'),(3,'rootadmin','$2b$12$Y83gcuudnuobBeqWaxUk0e9xb.3Fo9dZ/PRqrmFnm7cOTXi73vaD.','superadmin'),(5,'antonella_ragno','$2y$10$gS7g3re3MBHraBBuJ6QcdONILg6m2vfFeN.Orc5LiQtYr3wJ62bWa','admin'),(6,'antonio','$2y$10$pcQlYYCxxdbBrvWdFKEefum7MreSz2gQTJ8wnuTdvIUjVDQ8mlasa','admin');
/*!40000 ALTER TABLE `users` ENABLE KEYS */;
UNLOCK TABLES;

--
-- Table structure for table `users_sessions`
--

DROP TABLE IF EXISTS `users_sessions`;
/*!40101 SET @saved_cs_client     = @@character_set_client */;
/*!40101 SET character_set_client = utf8 */;
CREATE TABLE `users_sessions` (
  `id` int(11) NOT NULL AUTO_INCREMENT,
  `user_id` int(11) NOT NULL,
  `login_time` datetime NOT NULL,
  `logout_time` datetime DEFAULT NULL,
  PRIMARY KEY (`id`),
  KEY `user_id` (`user_id`),
  CONSTRAINT `users_sessions_ibfk_1` FOREIGN KEY (`user_id`) REFERENCES `users` (`id`)
) ENGINE=InnoDB DEFAULT CHARSET=utf8mb4 COLLATE=utf8mb4_general_ci;
/*!40101 SET character_set_client = @saved_cs_client */;

--
-- Dumping data for table `users_sessions`
--

LOCK TABLES `users_sessions` WRITE;
/*!40000 ALTER TABLE `users_sessions` DISABLE KEYS */;
/*!40000 ALTER TABLE `users_sessions` ENABLE KEYS */;
UNLOCK TABLES;

--
-- Dumping routines for database 'gestione_ore'
--
/*!40103 SET TIME_ZONE=@OLD_TIME_ZONE */;

/*!40101 SET SQL_MODE=@OLD_SQL_MODE */;
/*!40014 SET FOREIGN_KEY_CHECKS=@OLD_FOREIGN_KEY_CHECKS */;
/*!40014 SET UNIQUE_CHECKS=@OLD_UNIQUE_CHECKS */;
/*!40101 SET CHARACTER_SET_CLIENT=@OLD_CHARACTER_SET_CLIENT */;
/*!40101 SET CHARACTER_SET_RESULTS=@OLD_CHARACTER_SET_RESULTS */;
/*!40101 SET COLLATION_CONNECTION=@OLD_COLLATION_CONNECTION */;
/*!40111 SET SQL_NOTES=@OLD_SQL_NOTES */;

-- Dump completed on 2025-05-24 11:56:35
